序号,命中关键词,标题,内文,媒体名称（中文）,版面,出版日期,媒体类型,作者,情感,原文链接,粉丝数,阅读数,点赞数,评论数,转发数,收藏数
1,马耳他 MPRP 黄金签证,2025 年马耳他移民政策全景解读：永居、工签及福利调整全梳理,"马耳他作为集欧盟成员国、申根国、欧元区、英联邦四位一体的国家，2025年以来对永久居留计划（MPRP）进行系统性调整。新增1年期临时居留许可机制，申请人通过背景审查后可先获得临时居留，6个月内提交完整材料后转为正式永居。费用结构优化，非全职配偶、未成年子女等可免除7500欧元/人的附属申请费。",领新咨询Linking,移民政策,2025-08-26,微信公众号,Bianca,正面,http://mp.weixin.qq.com/s?__biz=MzU4ODQ5MTYxMQ==&mid=2247526113&idx=2&sn=8e5922cf4629dc1ebbaf27ccfa055069,N/A,N/A,N/A,N/A,N/A,N/A
2,马耳他 MPRP 涨价,突发！马耳他官宣涨价，2025年1月1日正式实施！,"马耳他移民局正式发布新规，全面修订MPRP，2025年1月1日起费用大涨价。主申请人资产要求：不低于50万欧元资产（其中15万欧金融资产）或65万欧元总资产（其中7.5万欧金融资产）。购房最低37.5万欧元，租房年租金最低1.4万欧元。主申请人管理费涨至5万欧元，新增受养人费用1万欧元/人。",新嘉出国,移民资讯,2024-11-20,微信公众号,新嘉顾问,负面,https://m.10100.com/article/64178186,N/A,N/A,N/A,N/A,N/A,N/A
3,马耳他 MPRP 新政,马耳他MPRP新政详解：政策优化提升投资价值，居留规划迎来新机遇,"2025年7月22日马耳他政府颁布第146号法律通知，对MPRP进行里程碑式修订。新政三大突破：1）临时居留许可实现提前登陆；2）家庭申请综合成本显著降低，部分家属可免除7500欧/人费用；3）房产权益升级，购房后即可出租。",智奥胜出国,移民政策,2025-07-31,微信公众号,智奥胜出国,正面,http://mp.weixin.qq.com/s?__biz=MjM5MzE1NDQyMQ==&mid=2652456712&idx=1&sn=034c04673277fcb38e863fa673b5680e,N/A,N/A,N/A,N/A,N/A,N/A
4,马耳他 永居,"【涨价】马耳他MPRP政策调整，2025年1月1日起实施！",马耳他政府修订MPRP，2025年1月1日生效。资格标准：主申请人需拥有至少50万欧元资产（其中15万欧元金融资产）或65万欧元总资产（其中7.5万欧元金融资产）。成年子女18-29岁可作为受养人。购房最低37.5万欧元，租房年租金最低1.4万欧元。主申请人管理费5万欧元，受养人1万欧元/人。,澳德华移民,移民公告,2024-11-20,微信公众号,澳德华,负面,https://www.adh.cn/mobile/index/article-info.html?id=10834,N/A,N/A,N/A,N/A,N/A,N/A
5,马耳他 黄金签证,马耳他永居计划2025年1月1日起开始涨价！,"2024年11月19日马耳他移民局宣布MPRP全面修订，2025年1月1日生效。申请条件变化：1）主申请人资产证明不低于50万欧元（其中15万欧金融资产）或65万欧元（其中7.5万欧金融资产）；2）随行子女年龄18-29岁。购房门槛提至37.5万欧元，租房提至1.4万欧元/年。",领先移民,移民资讯,2024-12-05,微信公众号,领先移民,负面,http://www.leadvisa.com/index.php/mapp/index/news_detail/type/information/id/2215,N/A,N/A,N/A,N/A,N/A,N/A
6,马耳他 MPRP 2025,马耳他永久居留计划（MPRP）2025年最新政策详解：新增临时居留许可,"过渡期安排：由原Agenzija Komunitá Malta签发的现有许可证有效期延续至2025年12月31日。2025年7月22日新政引入1年期临时居留许可，通过背景调查后可先获临时居留，期间可通行申根区。",移民专家,政策解读,2025-07-23,知乎,移民专家,中性,https://zhuanlan.zhihu.com/p/1931192915750806525,N/A,N/A,N/A,N/A,N/A,N/A
7,葡萄牙 黄金签证,葡萄牙大选进入白热化：黄金签证"末班车"将提前关停？,"2025年10月议会已通过'非葡语国家公民入籍年限延至10年'提案，12月该提案被宪法法院驳回，暂时维持5年入籍福利。极右翼CHEGA党领袖André Ventura表态一旦胜选将推动立即全面废除黄金签证项目。",环球出国,移民动态,2026-01-10,网媒,环球出国,负面,https://www.globevisa.com.cn/news/portugal-65414/,N/A,N/A,N/A,N/A,N/A,N/A
8,葡萄牙 黄金签证 入籍,葡萄牙黄金签证：2025年12月新规及更新,"葡萄牙议会批准法案将入籍期限从5年延至10年，但尚未成为法律。12月提交宪法法院审查后被驳回。目前申请人根据现有五年规则获得豁免。黄金签证优势：每两年居住满14天即可，5年后可申请入籍。",Englead,移民法律,2025-12-28,网媒,Englead,中性,https://englead.co.uk/葡萄牙黄金签证-2025年12月新规及更新/,N/A,N/A,N/A,N/A,N/A,N/A
9,葡萄牙 移民政策,葡萄牙移民政策有变，黄金签证受到"追捧"？,"葡萄牙部长理事会宣布国籍法修改：入籍时间从5年延至10年，提高语言和融入要求，在葡出生不再自动入籍（父母需居住满3年）。但黄金签证可能不受新规影响，或保留差异化待遇。",移民通,政策解读,2025-09-03,微信公众号,移民专家,中性,http://mp.weixin.qq.com/s?__biz=Mzg4MDc4MDA4MQ==&mid=2247502227&idx=3&sn=f2679604f310606db2ddfeccee159ab7,N/A,N/A,N/A,N/A,N/A,N/A
10,葡萄牙 黄金签证 签发量,暴增72%！葡萄牙黄金签证签发量创新高，新政府释放哪些信号？,"2024年葡萄牙共签发黄金签证4987张，同比暴增72%创新高。AIMA正加紧处理积压的近4.5万份申请，目标2025年年底前完成全部审理。新政府明确支持黄金签证政策。",环球出国,移民数据,2025-09-16,网媒,环球出国,正面,https://www.globevisa.com.cn/news/64955.html,N/A,N/A,N/A,N/A,N/A,N/A
11,希腊 黄金签证,希腊黄金签证2024年度数据大复盘：破纪录背后，这些趋势你必须知道！,"2024年希腊黄金签证主申请人新申请量达9289份，同比增长10%，创历史纪录。Q4月均申请量1048份，较前三季度均值暴增53%。中国投资者占比56%领跑。截至2024年底，1.2万份申请待审批。",移民内参,数据分析,2025-03-12,微信公众号,移民内参,正面,http://mp.weixin.qq.com/s?__biz=MzkxNjQ3NDI3NQ==&mid=2247489247&idx=1&sn=c36576153c2788220f09e5faad929d3c,N/A,N/A,N/A,N/A,N/A,N/A
12,希腊 购房移民,2025年希腊购房移民最新政策全解：€80万/€40万/€25万门槛,"2024年9月1日起希腊实施三档门槛：高需求区（雅典、塞萨洛尼基等）80万欧/120㎡，其他地区40万欧/120㎡，商改住/文保建筑25万欧。过渡期延至2025年2月28日。2024年Q4申请量暴增53%。",希腊移民网,政策解读,2025-07-26,网媒,希腊移民专家,中性,https://www.xlysw.com/knowledge/visa-immigration/6022.html,N/A,N/A,N/A,N/A,N/A,N/A
13,希腊 黄金签证 数据,希腊公布"黄金签证"最新数据,"2025年9月希腊黄金签证新申请仅392份，同比骤降49.7%。中国投资者获批8792份，稳居第一。待审批申请逾1.2万份。热门地区门槛提至80万欧元。",潮新闻,新闻报道,2025-11-07,网媒,潮新闻,中性,https://tidenews.com.cn/tmh_news.html?id=690dcaea7831300001941dcb,N/A,N/A,N/A,N/A,N/A,N/A
14,希腊 移民,希腊购房移民使命终结？全新"创业黄金签证"强势推出！,"希腊移民部长2026年1月宣布将提交法案改革黄金签证。2013年推出以来吸引外资超80亿欧元。目前仍可通过商改住（25万欧）和历史建筑改造（25万欧）获得永居。",高晟移民,政策前瞻,2026-01-30,网媒,高晟移民,负面,https://www.gasheng.com/content-189-9948-1.html,N/A,N/A,N/A,N/A,N/A,N/A
15,塞浦路斯 永居,塞浦路斯移民政策2025：申请条件、优势、适合人群,"塞浦路斯购房移民要求：购买30万欧元以上房产，年收入证明5万欧元（原3万欧），3万欧元定期存款锁定3年。随行家属包括配偶、25岁以下未婚子女、双方父母。预计2025年加入申根区。",绿野移民,移民政策,2025-12-23,网媒,绿野移民,正面,https://www.gfcvisa.com/29217.html,N/A,N/A,N/A,N/A,N/A,N/A
16,塞浦路斯 移民,2025年塞浦路斯永居最新政策大揭秘！普通人怎么轻松拿身份？,"2025年塞浦路斯政策：购房30万欧元获永居，年收入要求5万欧元，每增加父母附属申请人多提供8000欧元。无移民监，每两年登陆一次。预计2025年正式成为申根成员国。",9教育,移民攻略,2025-09-22,网媒,移民达人,正面,https://www.9educ.com/saipulusi/199845.html,N/A,N/A,N/A,N/A,N/A,N/A
17,塞浦路斯 黄金签证,2025如何通过30万欧购房移民获得塞浦路斯永居？,"塞浦路斯2025年7月房地产交易1832笔，同比增长11%，创18年来最高纪录。30万欧元购房+增值税可获永居。申请步骤：选房签约→准备材料→递交申请→获批登陆。审批周期2-6个月。",滨屿移民,移民攻略,2025-09-12,网媒,滨屿移民,正面,https://www.binyuvisa.com/news/show-54072.html,N/A,N/A,N/A,N/A,N/A,N/A
18,意大利 黄金签证,2025年意大利移民投资政策大揭秘！普通人如何轻松上车？,"意大利黄金签证投资选项：购房30万欧元、投资企业50万欧元、捐款25万欧元公益项目、投资初创企业25万欧元。获批后获2年居留，可续签3年，5年可转永居，10年可入籍。",9教育,移民攻略,2025-09-09,网媒,移民达人,正面,https://www.9educ.com/yidaliym/194707.html,N/A,N/A,N/A,N/A,N/A,N/A
19,意大利 移民政策,2025年意大利移民新政解析：最新政策、申请条件与流程指南,"2025年意大利黄金签证投资门槛从25万欧元提高至30万欧元。购房移民最低30万欧元，鼓励投资非热门城市。创业签证资金要求降至5万欧元。入籍语言要求从B1降至A2。",海外移民网,政策解读,2025-06-23,网媒,移民专家,中性,https://www.haiwaiyimin.net/yimin/3496.html,N/A,N/A,N/A,N/A,N/A,N/A
20,意大利 投资移民,意大利数字游民签证：无购房要求，1年居留轻松拿,"意大利数字游民签证：年收入2.8万欧元+本科学历，1-3个月获批，可携家属。黄金签证投资初创企业仅需25万欧元，为欧盟最低门槛之一。5年后可转永居。",Miki聊移民,签证攻略,2025-08-22,微信公众号,Miki,正面,http://mp.weixin.qq.com/s?__biz=Mzk0NTI4NzIxNA==&mid=2247516087&idx=1&sn=49f33c2ffbeb218d5b91a4f7ea651da8,N/A,N/A,N/A,N/A,N/A,N/A
21,马耳他 MPRP 在线申请,2025年移民马耳他永居MPRP开启线上申请系统！,"2025年2月3日起马耳他MPRP正式推出在线申请系统，支持全程无纸化申请、智能审核、实时进度跟踪。文件需PDF格式，单个文件不超过50MB。过渡期允许线上线下并行。",绿野移民,移民科技,2025-12-23,网媒,绿野移民,正面,https://www.gfcvisa.com/27613.html,N/A,N/A,N/A,N/A,N/A,N/A
22,马耳他 永居成本,"四位一体"超强身份加持，马耳他2025移民最新政策大揭秘！,"2025年7月22日新政最大利好是降低后续持有成本：租房客户五年后可转租（需房东同意），购房客户原则性批复后即可出租（短租/长租均可）。捐款金额统一为3.7万欧元。",搜狐移民,政策解读,2025-09-28,网媒,搜狐移民,正面,https://www.sohu.com/a/939549811_122142640,N/A,N/A,N/A,N/A,N/A,N/A
23,葡萄牙 国籍法,重磅！葡萄牙国籍法修改提上日程！入籍5年变10年就要来了？,"2025年6月23日葡萄牙政府讨论国籍法改革：入籍年限从5年延至10年，提高语言和文化测试要求。预计7月中旬进入议会审议，若通过可能9月颁布。黄金签证申请人应尽早递交锁定政策。",环球出国,政策预警,2025-09-16,网媒,环球出国,负面,https://www.globevisa.com.cn/news/64975.html,N/A,N/A,N/A,N/A,N/A,N/A
24,葡萄牙 移民,2025年全球移民政策大盘点,"2025年12月15日葡萄牙宪法法院宣布四项国籍法改革条款违宪，包括入籍年限延至10年等。黄金签证政策未变，维持每2年居住14天要求，5年可入籍。西班牙2025年4月3日正式关停黄金签证。",环球出国,年度盘点,2025-12-31,网媒,环球出国,正面,https://www.globevisa.com.cn/news/2025-global-immigration-policy-65393/,N/A,N/A,N/A,N/A,N/A,N/A
25,希腊 黄金签证 中国申请人,希腊移民 | 2025年黄金签证为何依旧闪耀？,"2025年前4月希腊永居卡申请量同比飙升44%，中国申请者稳居第一。希腊是唯一保留购房移民的欧盟国家，商改住25万欧元为最低门槛。雅典、克里特岛等区域高端房产需求增长12%。",搜狐移民,市场分析,2025-08-12,网媒,搜狐移民,正面,https://www.sohu.com/a/923341881_122396324,N/A,N/A,N/A,N/A,N/A,N/A
26,马耳他 MPRP 四位一体,马耳他移民：2025年移民政策与费用解析,"马耳他投资移民计划（MEIN）已于2025年4月29日被欧洲法院裁定违反欧盟法律而终止。MPRP仍可进行：购房37.5万欧元或租房1.4万欧元/年，捐款3-6万欧元，管理费5万欧元。",海外移民网,政策解读,2025-07-29,网媒,移民专家,中性,https://m.apearth.com/article/detail/24740,N/A,N/A,N/A,N/A,N/A,N/A
27,希腊 购房移民 取消,买房移民的时代终结！希腊或计划2025年1月取消购房拿黄金签证？,"希腊财政与经济部提出法案计划改革黄金签证，或取消购房选项转向商业投资移民。但截至目前，希腊黄金签证仍可通过商改住（25万欧元）和文保建筑改造（25万欧元）获得永居。",知乎,政策前瞻,2024-11-15,知乎,移民专家,负面,https://zhuanlan.zhihu.com/p/7112228036,N/A,N/A,N/A,N/A,N/A,N/A
28,塞浦路斯 申根,塞浦路斯移民政策2025：申请条件、优势、适合人群，一步到位拿绿卡！,"塞浦路斯已通过欧盟申根区第一阶段评估，2025年有望正式成为申根国。一旦加入，永居身份持有者将可自由通行其他申根国家。购房30万欧元+年收入5万欧元+3万欧元存款。",搜狐移民,政策解读,2025-09-01,网媒,搜狐移民,正面,https://www.sohu.com/a/930804693_122477138,N/A,N/A,N/A,N/A,N/A,N/A
29,意大利 购房移民 门槛,2025意大利购房移民新政解读：黄金签证门槛提高，如何把握"低成本移民"最后窗口？,"2025年3月意大利议会审议法案：购房移民门槛从35万欧元提至50万欧元，新增房产持有期不得低于8年限制。2024年中国申请人占比42%，同比增长37%。南部西西里岛等'优惠区域'仍享35万欧元政策。",佳洲美国,政策预警,2025-03-20,网媒,佳洲美国,负面,https://www.jiazhumeiguo.com/blog/mg17b9a91c849e/news/12837,N/A,N/A,N/A,N/A,N/A,N/A
30,欧洲 黄金签证 对比,从25万到200万欧：欧盟27国黄金签证终极对比，你的预算够格哪国？,"欧盟黄金签证格局：希腊25万欧（商改住）为最低门槛，意大利25万欧（初创企业），葡萄牙25万欧（文化艺术捐赠），马耳他约15万欧（租房捐款），塞浦路斯30万欧（购房）。西班牙2025年4月3日正式关停。",移民通,横向对比,2025-07-12,微信公众号,移民通,中性,http://mp.weixin.qq.com/s?__biz=MzA3NDg1MTI3Mw==&mid=2247490244&idx=1&sn=df9d5830f88c9413d6b6987ddb4b97d7,N/A,N/A,N/A,N/A,N/A,N/A